時点,地域コード,県名,ごみ総排出量（総量）【ｔ】
1999年度,19000,山梨県,313041
2000年度,19000,山梨県,324994
2001年度,19000,山梨県,328906
2002年度,19000,山梨県,332440
2003年度,19000,山梨県,333758
2004年度,19000,山梨県,332690
2005年度,19000,山梨県,347411
2006年度,19000,山梨県,349458
2007年度,19000,山梨県,339311
2008年度,19000,山梨県,324635
2009年度,19000,山梨県,320496
2010年度,19000,山梨県,315915
2011年度,19000,山梨県,316295
2012年度,19000,山梨県,314192
2013年度,19000,山梨県,310438
2014年度,19000,山梨県,310682
2015年度,19000,山梨県,311035
2016年度,19000,山梨県,306318
2017年度,19000,山梨県,296717
2018年度,19000,山梨県,299168
2019年度,19000,山梨県,298771
1999年度,20000,長野県,761891
2000年度,20000,長野県,798820
2001年度,20000,長野県,831003
2002年度,20000,長野県,831450
2003年度,20000,長野県,812332
2004年度,20000,長野県,791070
2005年度,20000,長野県,790265
2006年度,20000,長野県,777255
2007年度,20000,長野県,760233
2008年度,20000,長野県,721684
2009年度,20000,長野県,698859
2010年度,20000,長野県,679861
2011年度,20000,長野県,683249
2012年度,20000,長野県,681372
2013年度,20000,長野県,667111
2014年度,20000,長野県,657316
2015年度,20000,長野県,653520
2016年度,20000,長野県,637955
2017年度,20000,長野県,630254
2018年度,20000,長野県,621829
2019年度,20000,長野県,623271
1999年度,16000,富山県,385185
2000年度,16000,富山県,396878
2001年度,16000,富山県,398244
2002年度,16000,富山県,395373
2003年度,16000,富山県,400688
2004年度,16000,富山県,403686
2005年度,16000,富山県,435959
2006年度,16000,富山県,436112
2007年度,16000,富山県,418756
2008年度,16000,富山県,407158
2009年度,16000,富山県,388737
2010年度,16000,富山県,382715
2011年度,16000,富山県,402292
2012年度,16000,富山県,410709
2013年度,16000,富山県,405329
2014年度,16000,富山県,413128
2015年度,16000,富山県,410200
2016年度,16000,富山県,407807
2017年度,16000,富山県,407705
2018年度,16000,富山県,406000
2019年度,16000,富山県,404812
1999年度,17000,石川県,483528
2000年度,17000,石川県,492525
2001年度,17000,石川県,480324
2002年度,17000,石川県,485579
2003年度,17000,石川県,487782
2004年度,17000,石川県,476972
2005年度,17000,石川県,495160
2006年度,17000,石川県,496778
2007年度,17000,石川県,732407
2008年度,17000,石川県,468518
2009年度,17000,石川県,431058
2010年度,17000,石川県,423800
2011年度,17000,石川県,424914
2012年度,17000,石川県,422358
2013年度,17000,石川県,422364
2014年度,17000,石川県,417629
2015年度,17000,石川県,421269
2016年度,17000,石川県,414689
2017年度,17000,石川県,406653
2018年度,17000,石川県,393629
2019年度,17000,石川県,389383
1999年度,18000,福井県,284616
2000年度,18000,福井県,298043
2001年度,18000,福井県,299829
2002年度,18000,福井県,299249
2003年度,18000,福井県,294430
2004年度,18000,福井県,303165
2005年度,18000,福井県,318447
2006年度,18000,福井県,319396
2007年度,18000,福井県,308524
2008年度,18000,福井県,294392
2009年度,18000,福井県,289680
2010年度,18000,福井県,286004
2011年度,18000,福井県,290136
2012年度,18000,福井県,289940
2013年度,18000,福井県,285639
2014年度,18000,福井県,280103
2015年度,18000,福井県,277789
2016年度,18000,福井県,278184
2017年度,18000,福井県,283318
2018年度,18000,福井県,287646
2019年度,18000,福井県,275483
1999年度,21000,岐阜県,693235
2000年度,21000,岐阜県,708754
2001年度,21000,岐阜県,728570
2002年度,21000,岐阜県,732158
2003年度,21000,岐阜県,732019
2004年度,21000,岐阜県,734156
2005年度,21000,岐阜県,807372
2006年度,21000,岐阜県,812943
2007年度,21000,岐阜県,789681
2008年度,21000,岐阜県,767948
2009年度,21000,岐阜県,736104
2010年度,21000,岐阜県,711888
2011年度,21000,岐阜県,711122
2012年度,21000,岐阜県,702404
2013年度,21000,岐阜県,696217
2014年度,21000,岐阜県,680621
2015年度,21000,岐阜県,673852
2016年度,21000,岐阜県,658435
2017年度,21000,岐阜県,654293
2018年度,21000,岐阜県,652087
2019年度,21000,岐阜県,653280
1999年度,22000,静岡県,1391043
2000年度,22000,静岡県,1448504
2001年度,22000,静岡県,1437603
2002年度,22000,静岡県,1454749
2003年度,22000,静岡県,1460635
2004年度,22000,静岡県,1447743
2005年度,22000,静岡県,1544983
2006年度,22000,静岡県,1530792
2007年度,22000,静岡県,1507210
2008年度,22000,静岡県,1447340
2009年度,22000,静岡県,1395147
2010年度,22000,静岡県,1341568
2011年度,22000,静岡県,1332970
2012年度,22000,静岡県,1318353
2013年度,22000,静岡県,1273877
2014年度,22000,静岡県,1248140
2015年度,22000,静岡県,1236820
2016年度,22000,静岡県,1215286
2017年度,22000,静岡県,1200491
2018年度,22000,静岡県,1205161
2019年度,22000,静岡県,1201647
1999年度,23000,愛知県,2704680
2000年度,23000,愛知県,2700249
2001年度,23000,愛知県,2644827
2002年度,23000,愛知県,2679436
2003年度,23000,愛知県,2715605
2004年度,23000,愛知県,2678495
2005年度,23000,愛知県,2964600
2006年度,23000,愛知県,2942574
2007年度,23000,愛知県,2893540
2008年度,23000,愛知県,2799582
2009年度,23000,愛知県,2668558
2010年度,23000,愛知県,2607242
2011年度,23000,愛知県,2599435
2012年度,23000,愛知県,2581137
2013年度,23000,愛知県,2572076
2014年度,23000,愛知県,2551069
2015年度,23000,愛知県,2549821
2016年度,23000,愛知県,2547869
2017年度,23000,愛知県,2522256
2018年度,23000,愛知県,2514869
2019年度,23000,愛知県,2536734
1999年度,24000,三重県,823324
2000年度,24000,三重県,779419
2001年度,24000,三重県,786340
2002年度,24000,三重県,787969
2003年度,24000,三重県,779511
2004年度,24000,三重県,774279
2005年度,24000,三重県,774590
2006年度,24000,三重県,765595
2007年度,24000,三重県,747832
2008年度,24000,三重県,711464
2009年度,24000,三重県,680084
2010年度,24000,三重県,653918
2011年度,24000,三重県,654142
2012年度,24000,三重県,659502
2013年度,24000,三重県,656900
2014年度,24000,三重県,650102
2015年度,24000,三重県,644756
2016年度,24000,三重県,636393
2017年度,24000,三重県,629772
2018年度,24000,三重県,629059
2019年度,24000,三重県,628172
1999年度,25000,滋賀県,465098
2000年度,25000,滋賀県,480454
2001年度,25000,滋賀県,473889
2002年度,25000,滋賀県,476210
2003年度,25000,滋賀県,483211
2004年度,25000,滋賀県,471694
2005年度,25000,滋賀県,503286
2006年度,25000,滋賀県,504726
2007年度,25000,滋賀県,493049
2008年度,25000,滋賀県,475483
2009年度,25000,滋賀県,465462
2010年度,25000,滋賀県,454704
2011年度,25000,滋賀県,453743
2012年度,25000,滋賀県,454032
2013年度,25000,滋賀県,456649
2014年度,25000,滋賀県,441418
2015年度,25000,滋賀県,438059
2016年度,25000,滋賀県,430993
2017年度,25000,滋賀県,429912
2018年度,25000,滋賀県,432758
2019年度,25000,滋賀県,435270
1999年度,26000,京都府,1195534
2000年度,26000,京都府,1223733
2001年度,26000,京都府,1177476
2002年度,26000,京都府,1122025
2003年度,26000,京都府,1108781
2004年度,26000,京都府,1118884
2005年度,26000,京都府,1113510
2006年度,26000,京都府,1092692
2007年度,26000,京都府,1038025
2008年度,26000,京都府,990589
2009年度,26000,京都府,941032
2010年度,26000,京都府,903293
2011年度,26000,京都府,899407
2012年度,26000,京都府,895229
2013年度,26000,京都府,884106
2014年度,26000,京都府,864441
2015年度,26000,京都府,843788
2016年度,26000,京都府,809526
2017年度,26000,京都府,805416
2018年度,26000,京都府,799066
2019年度,26000,京都府,796455
1999年度,27000,大阪府,4309414
2000年度,27000,大阪府,4351790
2001年度,27000,大阪府,4306270
2002年度,27000,大阪府,4184731
2003年度,27000,大阪府,4163311
2004年度,27000,大阪府,4074298
2005年度,27000,大阪府,4281912
2006年度,27000,大阪府,4239742
2007年度,27000,大阪府,4072151
2008年度,27000,大阪府,3804933
2009年度,27000,大阪府,3540725
2010年度,27000,大阪府,3456317
2011年度,27000,大阪府,3454613
2012年度,27000,大阪府,3406284
2013年度,27000,大阪府,3299582
2014年度,27000,大阪府,3184536
2015年度,27000,大阪府,3147394
2016年度,27000,大阪府,3073830
2017年度,27000,大阪府,3053759
2018年度,27000,大阪府,3104687
2019年度,27000,大阪府,3084929
1999年度,28000,兵庫県,2647423
2000年度,28000,兵庫県,2695195
2001年度,28000,兵庫県,2636068
2002年度,28000,兵庫県,2504473
2003年度,28000,兵庫県,2440408
2004年度,28000,兵庫県,2477880
2005年度,28000,兵庫県,2512922
2006年度,28000,兵庫県,2509524
2007年度,28000,兵庫県,2344190
2008年度,28000,兵庫県,2238478
2009年度,28000,兵庫県,2134072
2010年度,28000,兵庫県,2057600
2011年度,28000,兵庫県,2052428
2012年度,28000,兵庫県,2033532
2013年度,28000,兵庫県,2010569
2014年度,28000,兵庫県,1986661
2015年度,28000,兵庫県,1966186
2016年度,28000,兵庫県,1925288
2017年度,28000,兵庫県,1911647
2018年度,28000,兵庫県,1904386
2019年度,28000,兵庫県,1879230
1999年度,29000,奈良県,537964
2000年度,29000,奈良県,534182
2001年度,29000,奈良県,538739
2002年度,29000,奈良県,536441
2003年度,29000,奈良県,532779
2004年度,29000,奈良県,520057
2005年度,29000,奈良県,547632
2006年度,29000,奈良県,543011
2007年度,29000,奈良県,522182
2008年度,29000,奈良県,502550
2009年度,29000,奈良県,490375
2010年度,29000,奈良県,481895
2011年度,29000,奈良県,475295
2012年度,29000,奈良県,470054
2013年度,29000,奈良県,470501
2014年度,29000,奈良県,482709
2015年度,29000,奈良県,470717
2016年度,29000,奈良県,456273
2017年度,29000,奈良県,455203
2018年度,29000,奈良県,446736
2019年度,29000,奈良県,448835
1999年度,30000,和歌山県,456087
2000年度,30000,和歌山県,453732
2001年度,30000,和歌山県,457371
2002年度,30000,和歌山県,454352
2003年度,30000,和歌山県,452950
2004年度,30000,和歌山県,445804
2005年度,30000,和歌山県,437741
2006年度,30000,和歌山県,443434
2007年度,30000,和歌山県,418922
2008年度,30000,和歌山県,403662
2009年度,30000,和歌山県,387731
2010年度,30000,和歌山県,380154
2011年度,30000,和歌山県,387511
2012年度,30000,和歌山県,381019
2013年度,30000,和歌山県,382687
2014年度,30000,和歌山県,363681
2015年度,30000,和歌山県,356028
2016年度,30000,和歌山県,340327
2017年度,30000,和歌山県,336430
2018年度,30000,和歌山県,338944
2019年度,30000,和歌山県,332927
1999年度,31000,鳥取県,227956
2000年度,31000,鳥取県,242191
2001年度,31000,鳥取県,237838
2002年度,31000,鳥取県,238348
2003年度,31000,鳥取県,234905
2004年度,31000,鳥取県,226657
2005年度,31000,鳥取県,233053
2006年度,31000,鳥取県,238634
2007年度,31000,鳥取県,218024
2008年度,31000,鳥取県,206886
2009年度,31000,鳥取県,208577
2010年度,31000,鳥取県,209834
2011年度,31000,鳥取県,219363
2012年度,31000,鳥取県,217879
2013年度,31000,鳥取県,216607
2014年度,31000,鳥取県,213522
2015年度,31000,鳥取県,213306
2016年度,31000,鳥取県,219163
2017年度,31000,鳥取県,218890
2018年度,31000,鳥取県,212379
2019年度,31000,鳥取県,211921
1999年度,32000,島根県,254582
2000年度,32000,島根県,262229
2001年度,32000,島根県,271902
2002年度,32000,島根県,267875
2003年度,32000,島根県,273697
2004年度,32000,島根県,267162
2005年度,32000,島根県,258482
2006年度,32000,島根県,270408
2007年度,32000,島根県,255790
2008年度,32000,島根県,241355
2009年度,32000,島根県,237847
2010年度,32000,島根県,241753
2011年度,32000,島根県,247656
2012年度,32000,島根県,245755
2013年度,32000,島根県,246613
2014年度,32000,島根県,247718
2015年度,32000,島根県,244471
2016年度,32000,島根県,240040
2017年度,32000,島根県,238971
2018年度,32000,島根県,239104
2019年度,32000,島根県,238088
1999年度,33000,岡山県,694463
2000年度,33000,岡山県,737492
2001年度,33000,岡山県,701946
2002年度,33000,岡山県,722744
2003年度,33000,岡山県,745023
2004年度,33000,岡山県,739507
2005年度,33000,岡山県,779839
2006年度,33000,岡山県,779242
2007年度,33000,岡山県,755762
2008年度,33000,岡山県,727821
2009年度,33000,岡山県,692825
2010年度,33000,岡山県,674768
2011年度,33000,岡山県,680945
2012年度,33000,岡山県,674221
2013年度,33000,岡山県,688621
2014年度,33000,岡山県,708313
2015年度,33000,岡山県,704620
2016年度,33000,岡山県,687543
2017年度,33000,岡山県,694655
2018年度,33000,岡山県,676618
2019年度,33000,岡山県,697593
1999年度,34000,広島県,1092379
2000年度,34000,広島県,1143765
2001年度,34000,広島県,1201847
2002年度,34000,広島県,1131069
2003年度,34000,広島県,1113987
2004年度,34000,広島県,1095853
2005年度,34000,広島県,1094932
2006年度,34000,広島県,1078299
2007年度,34000,広島県,1027827
2008年度,34000,広島県,981355
2009年度,34000,広島県,963644
2010年度,34000,広島県,941310
2011年度,34000,広島県,946234
2012年度,34000,広島県,941541
2013年度,34000,広島県,946830
2014年度,34000,広島県,941807
2015年度,34000,広島県,943342
2016年度,34000,広島県,927590
2017年度,34000,広島県,926811
2018年度,34000,広島県,934225
2019年度,34000,広島県,930550
1999年度,35000,山口県,646691
2000年度,35000,山口県,656755
2001年度,35000,山口県,654338
2002年度,35000,山口県,643600
2003年度,35000,山口県,652937
2004年度,35000,山口県,679875
2005年度,35000,山口県,665365
2006年度,35000,山口県,644033
2007年度,35000,山口県,620728
2008年度,35000,山口県,589433
2009年度,35000,山口県,579760
2010年度,35000,山口県,663404
2011年度,35000,山口県,556741
2012年度,35000,山口県,550495
2013年度,35000,山口県,553902
2014年度,35000,山口県,536079
2015年度,35000,山口県,528843
2016年度,35000,山口県,511522
2017年度,35000,山口県,501767
2018年度,35000,山口県,499316
2019年度,35000,山口県,497856
1999年度,36000,徳島県,306715
2000年度,36000,徳島県,313930
2001年度,36000,徳島県,313945
2002年度,36000,徳島県,305762
2003年度,36000,徳島県,308010
2004年度,36000,徳島県,310431
2005年度,36000,徳島県,315383
2006年度,36000,徳島県,310136
2007年度,36000,徳島県,304673
2008年度,36000,徳島県,291482
2009年度,36000,徳島県,278962
2010年度,36000,徳島県,277583
2011年度,36000,徳島県,279156
2012年度,36000,徳島県,277243
2013年度,36000,徳島県,274147
2014年度,36000,徳島県,274702
2015年度,36000,徳島県,269984
2016年度,36000,徳島県,264003
2017年度,36000,徳島県,261858
2018年度,36000,徳島県,261417
2019年度,36000,徳島県,262332
1999年度,37000,香川県,364627
2000年度,37000,香川県,388790
2001年度,37000,香川県,394140
2002年度,37000,香川県,387830
2003年度,37000,香川県,392494
2004年度,37000,香川県,443964
2005年度,37000,香川県,379970
2006年度,37000,香川県,378273
2007年度,37000,香川県,368815
2008年度,37000,香川県,351734
2009年度,37000,香川県,339244
2010年度,37000,香川県,333947
2011年度,37000,香川県,336887
2012年度,37000,香川県,329914
2013年度,37000,香川県,330083
2014年度,37000,香川県,328020
2015年度,37000,香川県,324272
2016年度,37000,香川県,317915
2017年度,37000,香川県,315422
2018年度,37000,香川県,311337
2019年度,37000,香川県,312165
1999年度,38000,愛媛県,621441
2000年度,38000,愛媛県,650751
2001年度,38000,愛媛県,645919
2002年度,38000,愛媛県,616930
2003年度,38000,愛媛県,605510
2004年度,38000,愛媛県,610311
2005年度,38000,愛媛県,589423
2006年度,38000,愛媛県,547178
2007年度,38000,愛媛県,528107
2008年度,38000,愛媛県,495115
2009年度,38000,愛媛県,495202
2010年度,38000,愛媛県,485908
2011年度,38000,愛媛県,486846
2012年度,38000,愛媛県,483104
2013年度,38000,愛媛県,478203
2014年度,38000,愛媛県,474548
2015年度,38000,愛媛県,473787
2016年度,38000,愛媛県,461529
2017年度,38000,愛媛県,459789
2018年度,38000,愛媛県,452090
2019年度,38000,愛媛県,452163
1999年度,39000,高知県,312265
2000年度,39000,高知県,320741
2001年度,39000,高知県,331498
2002年度,39000,高知県,317866
2003年度,39000,高知県,319477
2004年度,39000,高知県,312766
2005年度,39000,高知県,304845
2006年度,39000,高知県,299802
2007年度,39000,高知県,287769
2008年度,39000,高知県,276742
2009年度,39000,高知県,268809
2010年度,39000,高知県,264680
2011年度,39000,高知県,262716
2012年度,39000,高知県,262736
2013年度,39000,高知県,259826
2014年度,39000,高知県,261295
2015年度,39000,高知県,255716
2016年度,39000,高知県,252044
2017年度,39000,高知県,252378
2018年度,39000,高知県,251852
2019年度,39000,高知県,252110
1999年度,40000,福岡県,2089627
2000年度,40000,福岡県,2133010
2001年度,40000,福岡県,2125721
2002年度,40000,福岡県,2121596
2003年度,40000,福岡県,2188733
2004年度,40000,福岡県,2132763
2005年度,40000,福岡県,2234909
2006年度,40000,福岡県,2150076
2007年度,40000,福岡県,2139926
2008年度,40000,福岡県,1943889
2009年度,40000,福岡県,1879208
2010年度,40000,福岡県,1847919
2011年度,40000,福岡県,1846550
2012年度,40000,福岡県,1845634
2013年度,40000,福岡県,1853311
2014年度,40000,福岡県,1856954
2015年度,40000,福岡県,1845524
2016年度,40000,福岡県,1814737
2017年度,40000,福岡県,1785375
2018年度,40000,福岡県,1768550
2019年度,40000,福岡県,1772465
1999年度,41000,佐賀県,262270
2000年度,41000,佐賀県,274883
2001年度,41000,佐賀県,273822
2002年度,41000,佐賀県,275568
2003年度,41000,佐賀県,282622
2004年度,41000,佐賀県,283441
2005年度,41000,佐賀県,290933
2006年度,41000,佐賀県,297590
2007年度,41000,佐賀県,284338
2008年度,41000,佐賀県,275599
2009年度,41000,佐賀県,273178
2010年度,41000,佐賀県,269693
2011年度,41000,佐賀県,272159
2012年度,41000,佐賀県,272874
2013年度,41000,佐賀県,275076
2014年度,41000,佐賀県,274375
2015年度,41000,佐賀県,272985
2016年度,41000,佐賀県,268543
2017年度,41000,佐賀県,270437
2018年度,41000,佐賀県,268942
2019年度,41000,佐賀県,271401
1999年度,42000,長崎県,617827
2000年度,42000,長崎県,619165
2001年度,42000,長崎県,599720
2002年度,42000,長崎県,579027
2003年度,42000,長崎県,580446
2004年度,42000,長崎県,557981
2005年度,42000,長崎県,570662
2006年度,42000,長崎県,562574
2007年度,42000,長崎県,537929
2008年度,42000,長崎県,516528
2009年度,42000,長崎県,505030
2010年度,42000,長崎県,499666
2011年度,42000,長崎県,496501
2012年度,42000,長崎県,493013
2013年度,42000,長崎県,497695
2014年度,42000,長崎県,493117
2015年度,42000,長崎県,489823
2016年度,42000,長崎県,480300
2017年度,42000,長崎県,479920
2018年度,42000,長崎県,477499
2019年度,42000,長崎県,479297
1999年度,43000,熊本県,685660
2000年度,43000,熊本県,684520
2001年度,43000,熊本県,677991
2002年度,43000,熊本県,658888
2003年度,43000,熊本県,651576
2004年度,43000,熊本県,641544
2005年度,43000,熊本県,647740
2006年度,43000,熊本県,648227
2007年度,43000,熊本県,633143
2008年度,43000,熊本県,601984
2009年度,43000,熊本県,582712
2010年度,43000,熊本県,559683
2011年度,43000,熊本県,557364
2012年度,43000,熊本県,565102
2013年度,43000,熊本県,565188
2014年度,43000,熊本県,561337
2015年度,43000,熊本県,560921
2016年度,43000,熊本県,552656
2017年度,43000,熊本県,601975
2018年度,43000,熊本県,583786
2019年度,43000,熊本県,580471
1999年度,44000,大分県,568892
2000年度,44000,大分県,497085
2001年度,44000,大分県,501407
2002年度,44000,大分県,498156
2003年度,44000,大分県,502932
2004年度,44000,大分県,488253
2005年度,44000,大分県,471359
2006年度,44000,大分県,471185
2007年度,44000,大分県,444801
2008年度,44000,大分県,422285
2009年度,44000,大分県,415379
2010年度,44000,大分県,406675
2011年度,44000,大分県,411956
2012年度,44000,大分県,416670
2013年度,44000,大分県,415962
2014年度,44000,大分県,416126
2015年度,44000,大分県,408386
2016年度,44000,大分県,401673
2017年度,44000,大分県,399535
2018年度,44000,大分県,401250
2019年度,44000,大分県,405385
1999年度,45000,宮崎県,463629
2000年度,45000,宮崎県,458901
2001年度,45000,宮崎県,457971
2002年度,45000,宮崎県,452135
2003年度,45000,宮崎県,449395
2004年度,45000,宮崎県,449306
2005年度,45000,宮崎県,499561
2006年度,45000,宮崎県,451940
2007年度,45000,宮崎県,441552
2008年度,45000,宮崎県,427344
2009年度,45000,宮崎県,421894
2010年度,45000,宮崎県,416124
2011年度,45000,宮崎県,412352
2012年度,45000,宮崎県,412855
2013年度,45000,宮崎県,404061
2014年度,45000,宮崎県,403721
2015年度,45000,宮崎県,405934
2016年度,45000,宮崎県,397394
2017年度,45000,宮崎県,387986
2018年度,45000,宮崎県,397248
2019年度,45000,宮崎県,393678
1999年度,46000,鹿児島県,711696
2000年度,46000,鹿児島県,709489
2001年度,46000,鹿児島県,685964
2002年度,46000,鹿児島県,653156
2003年度,46000,鹿児島県,642393
2004年度,46000,鹿児島県,634894
2005年度,46000,鹿児島県,618113
2006年度,46000,鹿児島県,614884
2007年度,46000,鹿児島県,593091
2008年度,46000,鹿児島県,573846
2009年度,46000,鹿児島県,578074
2010年度,46000,鹿児島県,583055
2011年度,46000,鹿児島県,588485
2012年度,46000,鹿児島県,586394
2013年度,46000,鹿児島県,581396
2014年度,46000,鹿児島県,578401
2015年度,46000,鹿児島県,579764
2016年度,46000,鹿児島県,563976
2017年度,46000,鹿児島県,554215
2018年度,46000,鹿児島県,553143
2019年度,46000,鹿児島県,548911
1999年度,47000,沖縄県,507331
2000年度,47000,沖縄県,501049
2001年度,47000,沖縄県,488059
2002年度,47000,沖縄県,487616
2003年度,47000,沖縄県,483304
2004年度,47000,沖縄県,460728
2005年度,47000,沖縄県,462351
2006年度,47000,沖縄県,463112
2007年度,47000,沖縄県,458488
2008年度,47000,沖縄県,424635
2009年度,47000,沖縄県,427265
2010年度,47000,沖縄県,430966
2011年度,47000,沖縄県,442132
2012年度,47000,沖縄県,447521
2013年度,47000,沖縄県,436373
2014年度,47000,沖縄県,446461
2015年度,47000,沖縄県,448532
2016年度,47000,沖縄県,456167
2017年度,47000,沖縄県,465179
2018年度,47000,沖縄県,475494
2019年度,47000,沖縄県,481354
1999年度,1000,北海道,2842745
2000年度,1000,北海道,2822870
2001年度,1000,北海道,2754612
2002年度,1000,北海道,2719297
2003年度,1000,北海道,2613646
2004年度,1000,北海道,2533185
2005年度,1000,北海道,2522443
2006年度,1000,北海道,2455751
2007年度,1000,北海道,2328312
2008年度,1000,北海道,2182092
2009年度,1000,北海道,2099594
2010年度,1000,北海道,2060599
2011年度,1000,北海道,2023704
2012年度,1000,北海道,2012577
2013年度,1000,北海道,2019207
2014年度,1000,北海道,1963290
2015年度,1000,北海道,1944416
2016年度,1000,北海道,1902079
2017年度,1000,北海道,1873027
2018年度,1000,北海道,1875810
2019年度,1000,北海道,1850519
1999年度,2000,青森県,705782
2000年度,2000,青森県,698460
2001年度,2000,青森県,673111
2002年度,2000,青森県,659358
2003年度,2000,青森県,631044
2004年度,2000,青森県,599287
2005年度,2000,青森県,611029
2006年度,2000,青森県,601191
2007年度,2000,青森県,582532
2008年度,2000,青森県,548574
2009年度,2000,青森県,541203
2010年度,2000,青森県,536226
2011年度,2000,青森県,528994
2012年度,2000,青森県,539977
2013年度,2000,青森県,534819
2014年度,2000,青森県,517384
2015年度,2000,青森県,503390
2016年度,2000,青森県,486063
2017年度,2000,青森県,479621
2018年度,2000,青森県,473715
2019年度,2000,青森県,469430
1999年度,3000,岩手県,476926
2000年度,3000,岩手県,480649
2001年度,3000,岩手県,483201
2002年度,3000,岩手県,494010
2003年度,3000,岩手県,498852
2004年度,3000,岩手県,497917
2005年度,3000,岩手県,521499
2006年度,3000,岩手県,512448
2007年度,3000,岩手県,493227
2008年度,3000,岩手県,475534
2009年度,3000,岩手県,455216
2010年度,3000,岩手県,446281
2011年度,3000,岩手県,449111
2012年度,3000,岩手県,455076
2013年度,3000,岩手県,452666
2014年度,3000,岩手県,449548
2015年度,3000,岩手県,440812
2016年度,3000,岩手県,430106
2017年度,3000,岩手県,426270
2018年度,3000,岩手県,424967
2019年度,3000,岩手県,420164
1999年度,4000,宮城県,956707
2000年度,4000,宮城県,1008096
2001年度,4000,宮城県,969204
2002年度,4000,宮城県,942128
2003年度,4000,宮城県,1141826
2004年度,4000,宮城県,950603
2005年度,4000,宮城県,966739
2006年度,4000,宮城県,953596
2007年度,4000,宮城県,914779
2008年度,4000,宮城県,874046
2009年度,4000,宮城県,838454
2010年度,4000,宮城県,817368
2011年度,4000,宮城県,887253
2012年度,4000,宮城県,866438
2013年度,4000,宮城県,865164
2014年度,4000,宮城県,856499
2015年度,4000,宮城県,851108
2016年度,4000,宮城県,836852
2017年度,4000,宮城県,840570
2018年度,4000,宮城県,825806
2019年度,4000,宮城県,819659
1999年度,5000,秋田県,464036
2000年度,5000,秋田県,474374
2001年度,5000,秋田県,465495
2002年度,5000,秋田県,467585
2003年度,5000,秋田県,470773
2004年度,5000,秋田県,466373
2005年度,5000,秋田県,470747
2006年度,5000,秋田県,471685
2007年度,5000,秋田県,438209
2008年度,5000,秋田県,411218
2009年度,5000,秋田県,399888
2010年度,5000,秋田県,396691
2011年度,5000,秋田県,390521
2012年度,5000,秋田県,395654
2013年度,5000,秋田県,392034
2014年度,5000,秋田県,386032
2015年度,5000,秋田県,380228
2016年度,5000,秋田県,370216
2017年度,5000,秋田県,364954
2018年度,5000,秋田県,361443
2019年度,5000,秋田県,359010
1999年度,6000,山形県,386987
2000年度,6000,山形県,405961
2001年度,6000,山形県,407626
2002年度,6000,山形県,413411
2003年度,6000,山形県,417450
2004年度,6000,山形県,396132
2005年度,6000,山形県,435097
2006年度,6000,山形県,431262
2007年度,6000,山形県,415269
2008年度,6000,山形県,397181
2009年度,6000,山形県,392198
2010年度,6000,山形県,378210
2011年度,6000,山形県,377425
2012年度,6000,山形県,386775
2013年度,6000,山形県,387237
2014年度,6000,山形県,384879
2015年度,6000,山形県,382912
2016年度,6000,山形県,375379
2017年度,6000,山形県,371222
2018年度,6000,山形県,365370
2019年度,6000,山形県,364842
1999年度,7000,福島県,799796
2000年度,7000,福島県,811412
2001年度,7000,福島県,823541
2002年度,7000,福島県,823080
2003年度,7000,福島県,809280
2004年度,7000,福島県,791655
2005年度,7000,福島県,838396
2006年度,7000,福島県,836661
2007年度,7000,福島県,813723
2008年度,7000,福島県,781478
2009年度,7000,福島県,753096
2010年度,7000,福島県,733364
2011年度,7000,福島県,782473
2012年度,7000,福島県,790574
2013年度,7000,福島県,777051
2014年度,7000,福島県,769848
2015年度,7000,福島県,760627
2016年度,7000,福島県,742598
2017年度,7000,福島県,737242
2018年度,7000,福島県,721322
2019年度,7000,福島県,720595
1999年度,8000,茨城県,1084236
2000年度,8000,茨城県,1101070
2001年度,8000,茨城県,1092864
2002年度,8000,茨城県,1091724
2003年度,8000,茨城県,1085717
2004年度,8000,茨城県,1064318
2005年度,8000,茨城県,1127287
2006年度,8000,茨城県,1114699
2007年度,8000,茨城県,1092073
2008年度,8000,茨城県,1060441
2009年度,8000,茨城県,1032747
2010年度,8000,茨城県,1028743
2011年度,8000,茨城県,1091541
2012年度,8000,茨城県,1094671
2013年度,8000,茨城県,1094551
2014年度,8000,茨城県,1092019
2015年度,8000,茨城県,1092072
2016年度,8000,茨城県,1061291
2017年度,8000,茨城県,1061143
2018年度,8000,茨城県,1060364
2019年度,8000,茨城県,1051103
1999年度,9000,栃木県,721767
2000年度,9000,栃木県,744241
2001年度,9000,栃木県,754864
2002年度,9000,栃木県,774506
2003年度,9000,栃木県,775398
2004年度,9000,栃木県,764386
2005年度,9000,栃木県,787219
2006年度,9000,栃木県,784896
2007年度,9000,栃木県,756220
2008年度,9000,栃木県,730076
2009年度,9000,栃木県,702973
2010年度,9000,栃木県,687152
2011年度,9000,栃木県,699067
2012年度,9000,栃木県,706129
2013年度,9000,栃木県,690098
2014年度,9000,栃木県,680063
2015年度,9000,栃木県,678303
2016年度,9000,栃木県,666562
2017年度,9000,栃木県,667980
2018年度,9000,栃木県,663761
2019年度,9000,栃木県,660826
1999年度,10000,群馬県,786146
2000年度,10000,群馬県,806774
2001年度,10000,群馬県,824251
2002年度,10000,群馬県,829220
2003年度,10000,群馬県,840775
2004年度,10000,群馬県,810270
2005年度,10000,群馬県,853228
2006年度,10000,群馬県,867740
2007年度,10000,群馬県,851070
2008年度,10000,群馬県,829085
2009年度,10000,群馬県,803030
2010年度,10000,群馬県,789979
2011年度,10000,群馬県,788068
2012年度,10000,群馬県,785528
2013年度,10000,群馬県,775107
2014年度,10000,群馬県,772692
2015年度,10000,群馬県,756990
2016年度,10000,群馬県,733797
2017年度,10000,群馬県,717256
2018年度,10000,群馬県,713919
2019年度,10000,群馬県,713518
1999年度,11000,埼玉県,2488456
2000年度,11000,埼玉県,2557483
2001年度,11000,埼玉県,2572962
2002年度,11000,埼玉県,2590395
2003年度,11000,埼玉県,2589455
2004年度,11000,埼玉県,2530118
2005年度,11000,埼玉県,2727531
2006年度,11000,埼玉県,2723746
2007年度,11000,埼玉県,2647837
2008年度,11000,埼玉県,2558141
2009年度,11000,埼玉県,2467236
2010年度,11000,埼玉県,2418612
2011年度,11000,埼玉県,2435270
2012年度,11000,埼玉県,2424962
2013年度,11000,埼玉県,2414255
2014年度,11000,埼玉県,2392053
2015年度,11000,埼玉県,2368098
2016年度,11000,埼玉県,2322937
2017年度,11000,埼玉県,2304264
2018年度,11000,埼玉県,2307082
2019年度,11000,埼玉県,2328598
1999年度,12000,千葉県,2205128
2000年度,12000,千葉県,2288740
2001年度,12000,千葉県,2300730
2002年度,12000,千葉県,2319418
2003年度,12000,千葉県,2320579
2004年度,12000,千葉県,2284926
2005年度,12000,千葉県,2477816
2006年度,12000,千葉県,2459632
2007年度,12000,千葉県,2401983
2008年度,12000,千葉県,2313181
2009年度,12000,千葉県,2239714
2010年度,12000,千葉県,2197401
2011年度,12000,千葉県,2202659
2012年度,12000,千葉県,2190452
2013年度,12000,千葉県,2179806
2014年度,12000,千葉県,2136263
2015年度,12000,千葉県,2120485
2016年度,12000,千葉県,2094316
2017年度,12000,千葉県,2074990
2018年度,12000,千葉県,2064300
2019年度,12000,千葉県,2092336
1999年度,13000,東京都,5105036
2000年度,13000,東京都,5212892
2001年度,13000,東京都,5239816
2002年度,13000,東京都,5203183
2003年度,13000,東京都,5172239
2004年度,13000,東京都,5046798
2005年度,13000,東京都,5336840
2006年度,13000,東京都,5281029
2007年度,13000,東京都,5131706
2008年度,13000,東京都,4916151
2009年度,13000,東京都,4756639
2010年度,13000,東京都,4650318
2011年度,13000,東京都,4608412
2012年度,13000,東京都,4581633
2013年度,13000,東京都,4572285
2014年度,13000,東京都,4513509
2015年度,13000,東京都,4501160
2016年度,13000,東京都,4428042
2017年度,13000,東京都,4417184
2018年度,13000,東京都,4383468
2019年度,13000,東京都,4407607
1999年度,14000,神奈川県,3520545
2000年度,14000,神奈川県,3624306
2001年度,14000,神奈川県,3601884
2002年度,14000,神奈川県,3601675
2003年度,14000,神奈川県,3559984
2004年度,14000,神奈川県,3298601
2005年度,14000,神奈川県,3467102
2006年度,14000,神奈川県,3438499
2007年度,14000,神奈川県,3337417
2008年度,14000,神奈川県,3209405
2009年度,14000,神奈川県,3125728
2010年度,14000,神奈川県,3072908
2011年度,14000,神奈川県,3085925
2012年度,14000,神奈川県,3056604
2013年度,14000,神奈川県,3008291
2014年度,14000,神奈川県,2971896
2015年度,14000,神奈川県,2954371
2016年度,14000,神奈川県,2913221
2017年度,14000,神奈川県,2873102
2018年度,14000,神奈川県,2834103
2019年度,14000,神奈川県,2856077
1999年度,15000,新潟県,1021746
2000年度,15000,新潟県,1042466
2001年度,15000,新潟県,1043754
2002年度,15000,新潟県,1045789
2003年度,15000,新潟県,1054024
2004年度,15000,新潟県,1165925
2005年度,15000,新潟県,1294194
2006年度,15000,新潟県,1121352
2007年度,15000,新潟県,1325258
2008年度,15000,新潟県,1113395
2009年度,15000,新潟県,928927
2010年度,15000,新潟県,901354
2011年度,15000,新潟県,898306
2012年度,15000,新潟県,903998
2013年度,15000,新潟県,893620
2014年度,15000,新潟県,881955
2015年度,15000,新潟県,874457
2016年度,15000,新潟県,850221
2017年度,15000,新潟県,846608
2018年度,15000,新潟県,851718
2019年度,15000,新潟県,845564